PID,TAG
2,TRAINING
8,TRAINING
14,TRAINING
15,TRAINING
16,TRAINING
18,TRAINING
19,TRAINING
24,TRAINING
31,TRAINING
34,TRAINING
40,TRAINING
41,TRAINING
42,TRAINING
49,TRAINING
52,TRAINING
53,TRAINING
54,TRAINING
60,TRAINING
61,TRAINING
63,TRAINING
66,TRAINING
68,TRAINING
69,TRAINING
73,TRAINING
77,TRAINING
89,TRAINING
92,TRAINING
93,TRAINING
96,TRAINING
102,TRAINING
103,TRAINING
104,TRAINING
106,TRAINING
107,TRAINING
108,TRAINING
111,TRAINING
116,TRAINING
118,TRAINING
119,TRAINING
121,TRAINING
131,TRAINING
133,TRAINING
136,TRAINING
139,TRAINING
143,TRAINING
150,TRAINING
151,TRAINING
152,TRAINING
153,TRAINING
156,TRAINING
162,TRAINING
163,TRAINING
165,TRAINING
168,TRAINING
170,TRAINING
171,TRAINING
172,TRAINING
174,TRAINING
175,TRAINING
178,TRAINING
180,TRAINING
183,TRAINING
184,TRAINING
192,TRAINING
194,TRAINING
209,TRAINING
222,TRAINING
223,TRAINING
224,TRAINING
225,TRAINING
231,TRAINING
1,TRAINING
3,TRAINING
5,TRAINING
6,TRAINING
10,TRAINING
11,TRAINING
12,TRAINING
20,TRAINING
22,TRAINING
25,TRAINING
26,TRAINING
27,TRAINING
28,TRAINING
29,TRAINING
33,TRAINING
35,TRAINING
38,TRAINING
39,TRAINING
44,TRAINING
45,TRAINING
47,TRAINING
48,TRAINING
50,TRAINING
55,TRAINING
58,TRAINING
65,TRAINING
67,TRAINING
70,TRAINING
71,TRAINING
74,TRAINING
79,TRAINING
81,TRAINING
82,TRAINING
83,TRAINING
84,TRAINING
85,TRAINING
86,TRAINING
88,TRAINING
91,TRAINING
95,TRAINING
99,TRAINING
100,TRAINING
101,TRAINING
109,TRAINING
112,TRAINING
126,TRAINING
135,TRAINING
137,TRAINING
140,TRAINING
141,TRAINING
142,TRAINING
144,TRAINING
145,TRAINING
148,TRAINING
149,TRAINING
154,TRAINING
157,TRAINING
159,TRAINING
164,TRAINING
169,TRAINING
173,TRAINING
176,TRAINING
179,TRAINING
185,TRAINING
186,TRAINING
188,TRAINING
189,TRAINING
190,TRAINING
195,TRAINING
196,TRAINING
197,TRAINING
198,TRAINING
199,TRAINING
200,TRAINING
201,TRAINING
204,TRAINING
205,TRAINING
206,TRAINING
210,TRAINING
213,TRAINING
217,TRAINING
220,TRAINING
221,TRAINING
227,TRAINING
228,TRAINING
232,TRAINING
233,TRAINING
235,TRAINING
7,TESTING
13,TESTING
17,TESTING
56,TESTING
57,TESTING
59,TESTING
64,TESTING
72,TESTING
76,TESTING
105,TESTING
117,TESTING
120,TESTING
124,TESTING
128,TESTING
129,TESTING
130,TESTING
134,TESTING
146,TESTING
147,TESTING
155,TESTING
158,TESTING
161,TESTING
166,TESTING
167,TESTING
181,TESTING
202,TESTING
203,TESTING
211,TESTING
212,TESTING
229,TESTING
230,TESTING
4,TESTING
9,TESTING
21,TESTING
23,TESTING
30,TESTING
32,TESTING
36,TESTING
37,TESTING
43,TESTING
46,TESTING
62,TESTING
75,TESTING
78,TESTING
80,TESTING
87,TESTING
90,TESTING
94,TESTING
97,TESTING
110,TESTING
113,TESTING
115,TESTING
127,TESTING
138,TESTING
160,TESTING
177,TESTING
182,TESTING
187,TESTING
191,TESTING
193,TESTING
207,TESTING
208,TESTING
214,TESTING
215,TESTING
216,TESTING
218,TESTING
219,TESTING
226,TESTING
234,TESTING
